<?xml version="1.0" encoding="UTF-8"?>
<!--
Licensed to the Apache Software Foundation (ASF) under one
or more contributor license agreements.  See the NOTICE file
distributed with this work for additional information
regarding copyright ownership.  The ASF licenses this file
to you under the Apache License, Version 2.0 (the
"License"); you may not use this file except in compliance
with the License.  You may obtain a copy of the License at

http://www.apache.org/licenses/LICENSE-2.0

Unless required by applicable law or agreed to in writing,
software distributed under the License is distributed on an
"AS IS" BASIS, WITHOUT WARRANTIES OR CONDITIONS OF ANY
KIND, either express or implied.  See the License for the
specific language governing permissions and limitations
under the License.
-->

<services xmlns:xsi="http://www.w3.org/2001/XMLSchema-instance"
        xsi:noNamespaceSchemaLocation="http://ofbiz.apache.org/dtds/services.xsd">
    <description>OrbitalGateway Services</description>
    <vendor></vendor>
    <version>1.0</version>

    <!-- Chase Orbital Implementations -->
    <service name="orbitalCCAuth" engine="java"
            location="org.apache.ofbiz.accounting.thirdparty.orbital.OrbitalPaymentServices" invoke="ccAuth">
        <description>Orbital Payment Authorization</description>
        <implements service="ccAuthInterface"/>
    </service>
    <service name="orbitalCCAuthCapture" engine="java"
            location="org.apache.ofbiz.accounting.thirdparty.orbital.OrbitalPaymentServices" invoke="ccAuthCapture">
        <description>Orbital Payment Authorize and Capture service</description>
        <implements service="ccAuthInterface"/>
    </service>
    <service name="orbitalCCCapture" engine="java"
            location="org.apache.ofbiz.accounting.thirdparty.orbital.OrbitalPaymentServices" invoke="ccCapture">
        <description>Orbital Payment Capture Service</description>
        <implements service="ccCaptureInterface"/>
    </service>
    <service name="orbitalCCRefund" engine="java"
            location="org.apache.ofbiz.accounting.thirdparty.orbital.OrbitalPaymentServices" invoke="ccRefund">
        <description>Orbital Payment Refund Service</description>
        <implements service="paymentRefundInterface"/>
    </service>
    <service name="orbitalCCRelease" engine="java"
            location="org.apache.ofbiz.accounting.thirdparty.orbital.OrbitalPaymentServices" invoke="ccRelease">
        <description>Orbital Payment Release Service</description>
        <implements service="paymentReleaseInterface"/>
    </service>

</services>
