<?xml version="1.0" encoding="UTF-8"?>
<!--
Licensed to the Apache Software Foundation (ASF) under one
or more contributor license agreements.  See the NOTICE file
distributed with this work for additional information
regarding copyright ownership.  The ASF licenses this file
to you under the Apache License, Version 2.0 (the
"License"); you may not use this file except in compliance
with the License.  You may obtain a copy of the License at

http://www.apache.org/licenses/LICENSE-2.0

Unless required by applicable law or agreed to in writing,
software distributed under the License is distributed on an
"AS IS" BASIS, WITHOUT WARRANTIES OR CONDITIONS OF ANY
KIND, either express or implied.  See the License for the
specific language governing permissions and limitations
under the License.
-->

<services xmlns:xsi="http://www.w3.org/2001/XMLSchema-instance"
        xsi:noNamespaceSchemaLocation="http://ofbiz.apache.org/dtds/services.xsd">
    <description>Accounting Services</description>
    <vendor>OFBiz</vendor>
    <version>1.0</version>

    <!-- SecurePay Implementations -->
    <service name="ofbScAuthorize" engine="java"
            location="org.apache.ofbiz.accounting.thirdparty.securepay.SecurePayPaymentServices" invoke="doAuth">
        <description>SecurePay Credit Card Authorization</description>
        <implements service="ccAuthInterface"/>
    </service>
    <service name="ofbScCapture" engine="java"
             location="org.apache.ofbiz.accounting.thirdparty.securepay.SecurePayPaymentServices" invoke="doCapture">
        <description>SecurePay Credit Card Capture</description>
        <implements service="ccCaptureInterface"/>
    </service>
    <service name="ofbScRelease" engine="java"
             location="org.apache.ofbiz.accounting.thirdparty.securepay.SecurePayPaymentServices" invoke="doVoid">
        <description>SecurePay Order Payment Void</description>
        <implements service="paymentReleaseInterface"/>
    </service>
    <service name="ofbScRefund" engine="java"
            location="org.apache.ofbiz.accounting.thirdparty.securepay.SecurePayPaymentServices" invoke="doRefund">
        <description>SecurePay Credit Card Refund</description>
        <implements service="paymentRefundInterface"/>
    </service>
    <service name="ofbScCCCredit" engine="java"
             location="org.apache.ofbiz.accounting.thirdparty.securepay.SecurePayPaymentServices" invoke="doCredit">
        <description>SecurePay Credit Card Credit</description>
        <implements service="ccCreditInterface"/>
    </service>
</services>
