<?xml version="1.0" encoding="UTF-8"?>
<!--
Licensed to the Apache Software Foundation (ASF) under one or more
contributor license agreements. See the NOTICE file distributed with
this work for additional information regarding copyright ownership.
The ASF licenses this file to you under the Apache License, Version
2.0 (the "License"); you may not use this file except in compliance
with the License. You may obtain a copy of the License at
http://www.apache.org/licenses/LICENSE-2.0 Unless required by
applicable law or agreed to in writing, software distributed under the
License is distributed on an "AS IS" BASIS, WITHOUT WARRANTIES OR
CONDITIONS OF ANY KIND, either express or implied. See the License for
the specific language governing permissions and limitations under the
License.
-->
<section xmlns:xsi="http://www.w3.org/2001/XMLSchema-instance"
    version="5.0" xmlns:xl="http://www.w3.org/1999/xlink" xmlns:xi="http://www.w3.org/2001/XInclude"
    xsi:schemaLocation="http://docbook.org/ns/docbook ../../../content/dtd/docbook.xsd"
    xmlns="http://docbook.org/ns/docbook">
    <title>The Agreements Item Promotions help screen</title>
    <para>This screen is used to enter or maintain any promotions that are associated with the Agreement Item. This can be useful if you want to limit where a particular promotion is applied. Promotions are setup in Catalog Manager and can be selected here.</para>
    <section>
    <title>How do I add a promotion to an agreement item?</title>
    <orderedlist>
    <listitem><para>Press the 'Add New Promotion' button</para></listitem>
    <listitem><para>The 'Edit Agreement Promo Applications' screen is displayed</para></listitem>
    <listitem><para>Select the 'Product Promo Id' from the drop down box</para></listitem>
    <listitem><para>Enter the 'From Date'</para></listitem>
    <listitem><para>Enter the 'Thru Date' if required (NOTE:This can be left blank)</para></listitem>
    <listitem><para>Enter the 'Sequence Num' if required</para></listitem>
    <listitem><para>Press the 'Submit' button</para></listitem>
    </orderedlist>
    </section>
    <section>
    <title>How do I edit an existing promotion for an agreement item?</title>
    <orderedlist>
    <listitem><para>Select the agreement item promotion by clicking on on the promotion id</para></listitem>
    <listitem><para>The 'Edit Agreement Promo Applications' screen is displayed</para></listitem>
    <listitem><para>Update the details required</para></listitem>
    <listitem><para>Press the 'Submit' button</para></listitem>
    </orderedlist>
    </section>
    <section>
    <title>How do I delete a promotion from an agreement item?</title>
    <orderedlist>
    <listitem><para>Press the 'Remove' button on the entry that needs to be deleted.</para></listitem>
    </orderedlist>
    </section>
</section>
