<?xml version="1.0" encoding="UTF-8"?>
<!--
Licensed to the Apache Software Foundation (ASF) under one
or more contributor license agreements.  See the NOTICE file
distributed with this work for additional information
regarding copyright ownership.  The ASF licenses this file
to you under the Apache License, Version 2.0 (the
"License"); you may not use this file except in compliance
with the License.  You may obtain a copy of the License at

http://www.apache.org/licenses/LICENSE-2.0

Unless required by applicable law or agreed to in writing,
software distributed under the License is distributed on an
"AS IS" BASIS, WITHOUT WARRANTIES OR CONDITIONS OF ANY
KIND, either express or implied.  See the License for the
specific language governing permissions and limitations
under the License.
-->

<entity-engine-xml>
    <RecurrenceRule recurrenceRuleId="400" untilDateTime="" frequency="MONTHLY" intervalNumber="1" countNumber="-1"/>
    <RecurrenceInfo recurrenceInfoId="400" startDateTime="2008-05-14 22:00:00.000" recurrenceRuleId="400" recurrenceCount="0"/>
    <RuntimeData runtimeDataId="8501">
        <runtimeInfo><![CDATA[<?xml version="1.0" encoding="UTF-8"?>
            <ofbiz-ser>
                <map-HashMap>
                    <map-Entry>
                        <map-Key>
                            <std-String value="recurrenceInfoId"/>
                        </map-Key>
                        <map-Value>
                            <std-String value="400"/>
                        </map-Value>
                    </map-Entry>
                </map-HashMap>
            </ofbiz-ser>
        ]]></runtimeInfo>
    </RuntimeData>
    <JobSandbox jobId="8500" jobName="Generate Invoice template" runTime="2008-05-14 00:00:00.000" serviceName="autoGenerateInvoiceFromExistingInvoice" runtimeDataId="8501" poolId="pool" runAsUser="system" recurrenceInfoId="400"/>
    
    <RecurrenceRule recurrenceRuleId="9000" untilDateTime="" frequency="DAILY" intervalNumber="5" countNumber="-1"/>
    <RecurrenceInfo recurrenceInfoId="9000" startDateTime="2000-01-01 00:00:00.000" recurrenceRuleId="9000" recurrenceCount="0"/>
    <JobSandbox jobId="9000" jobName="Auto Reconcile Financial Account" runTime="2000-01-01 00:00:00.000" serviceName="autoFinAccountReconciliation" poolId="pool" runAsUser="system" recurrenceInfoId="9000"/>
    
    <!-- The following three elements set up a regularly scheduled job that will automatically create
        fixed asset maintenances from ProductMaint time intervals. -->
    <TemporalExpression tempExprId="FAM_AUTO_CREATE" tempExprTypeId="FREQUENCY" description="Every Hour" integer1="12" integer2="60"/>
    <JobSandbox jobId="FAM_AUTO_CREATE" jobName="Auto-create Fixed Asset Maintenances" runTime="2000-01-01 00:00:00.000" serviceName="createMaintsFromTimeInterval" poolId="pool" runAsUser="system" tempExprId="FAM_AUTO_CREATE" maxRecurrenceCount="-1"/>
    
</entity-engine-xml>
